"field_0";"date";"open";"high";"low";"close";"volume";"market_cap";"unit_volume";"rolling20_d";"date_2";"bitfinex_shorts";"bitfinex_longs";"bitfinex_volume";"total__crypto__cap";"bitcoin_dominance"
266;1983;6452.79;6585.91;6397.89;6495.0;4437300000;112000000000.0;683.187;645.692;"1983";28705.5;26238.2;18261.0;214000000000.0;52.41
265;1982;6495.29;6712.1;6464.95;6676.75;4606810000;115000000000.0;689.978;647.219;"1982";30170.8;27634.1;8514.0;223000000000.0;51.75
264;1981;6678.75;6785.03;6598.32;6644.13;5014430000;115000000000.0;754.716;654.156;"1981";28816.3;29730.7;17767.0;221000000000.0;52.06
263;1980;6643.1;6643.1;6511.65;6601.96;4363690000;114000000000.0;660.969;658.066;"1980";30337.8;26952.4;20238.0;222000000000.0;51.36
262;1979;6604.71;6643.78;6566.54;6625.56;4002280000;115000000000.0;604.067;658.931;"1979";30164.7;27598.4;18368.0;223000000000.0;51.33
261;2007;6619.85;6653.3;6549.08;6589.62;4000970000;114000000000.0;607.162;658.836;"2007";30986.5;27193.1;27893.0;222000000000.0;51.31
260;2006;6593.24;6611.84;6537.9;6556.1;3979260000;113000000000.0;606.955;657.191;"2006";31556.2;27213.8;17306.0;219000000000.0;51.86
259;2005;6553.86;6571.46;6454.03;6502.59;3887310000;113000000000.0;597.81;654.776;"2005";32089.0;26720.2;8494.0;216000000000.0;52.04
258;2004;6497.91;6603.31;6497.91;6576.69;3838410000;114000000000.0;583.639;652.664;"2004";30913.7;26582.9;10358.0;218000000000.0;52.12
257;2003;6574.15;6623.62;6557.41;6622.48;3671500000;115000000000.0;554.4;655.806;"2003";31017.2;27239.5;12037.0;220000000000.0;52.01
256;2002;6622.45;6628.54;6577.8;6588.31;3259740000;114000000000.0;494.776;655.429;"2002";30901.2;26070.3;14574.0;218000000000.0;52.41
255;2001;6590.68;6641.49;6557.04;6602.95;3306630000;114000000000.0;500.781;649.337;"2001";31273.6;25809.2;11472.0;218000000000.0;52.34
254;2000;6600.19;6675.06;6576.04;6652.23;3979460000;115000000000.0;598.214;646.444;"2000";32522.9;29098.9;12448.0;221000000000.0;52.08
253;1999;6653.08;6661.41;6606.94;6642.64;3580810000;115000000000.0;539.064;638.769;"1999";32392.5;28406.3;5806.0;220000000000.0;52.31
252;1998;6640.29;6640.29;6538.96;6585.53;3787650000;114000000000.0;575.147;634.181;"1998";32943.7;27537.4;5816.0;218000000000.0;52.4
251;1997;6586.74;6586.74;6243.74;6256.24;5181640000;108000000000.0;828.235;627.1;"1997";35383.4;25301.1;12699.0;197000000000.0;54.95
250;1996;6239.25;6328.5;6236.47;6274.58;3783500000;109000000000.0;602.989;623.705;"1996";34981.3;25105.1;8062.0;201000000000.0;54.07
249;1995;6278.08;6308.51;6259.81;6285.99;3064030000;109000000000.0;487.438;616.802;"1995";35148.0;25433.6;13831.0;202000000000.0;53.92
248;1994;6288.49;6363.21;6280.15;6290.93;3085320000;109000000000.0;490.439;609.655;"1994";37496.6;25351.1;41614.0;200000000000.0;54.45
247;1993;6292.64;6965.06;6258.68;6596.54;7370770000;114000000000.0;1117.37;628.867;"1993";32860.2;21414.8;10405.0;211000000000.0;54.07
246;1992;6601.41;6673.59;6571.37;6596.11;4074800000;114000000000.0;617.758;625.595;"1992";34303.7;22075.8;5818.0;212000000000.0;53.83
245;1991;6590.52;6601.21;6517.45;6544.43;4088420000;113000000000.0;624.718;622.332;"1991";35023.0;21937.5;85004.0;211000000000.0;53.69
244;1990;6542.33;6567.54;6450.04;6476.71;3924080000;112000000000.0;605.875;614.89;"1990";35682.5;21804.8;15665.0;208000000000.0;53.9
243;1989;6478.07;6493.68;6445.31;6465.41;3578870000;112000000000.0;553.541;609.519;"1989";33815.6;20112.5;8882.0;208000000000.0;53.81
242;1988;6460.92;6497.72;6449.0;6489.19;3379130000;112000000000.0;520.732;605.352;"1988";33309.2;20139.4;11239.0;210000000000.0;53.64
241;1987;6490.09;6556.38;6476.0;6482.35;3253610000;112000000000.0;501.918;600.09;"1987";32299.2;20201.2;4648.0;210000000000.0;53.63
240;1986;6486.05;6543.8;6462.98;6487.16;3672860000;112000000000.0;566.174;598.051;"1986";32338.0;20637.2;4420.0;209000000000.0;53.7
239;1985;6472.36;6506.01;6451.27;6475.74;3716150000;112000000000.0;573.857;596.853;"1985";30402.8;21083.8;6073.0;210000000000.0;53.52
238;1984;6478.89;6521.99;6468.86;6495.84;3424670000;113000000000.0;527.21;594.032;"1984";30603.4;22788.6;8864.0;210000000000.0;53.66
237;1983;6484.65;6504.65;6447.03;6476.29;3230550000;112000000000.0;498.827;591.253;"1983";31205.9;22129.8;8523.0;209000000000.0;53.68
236;1982;6468.44;6498.29;6449.61;6474.75;3306050000;112000000000.0;510.607;592.045;"1982";31611.7;22272.5;8712.0;209000000000.0;53.65
235;1981;6480.84;6507.41;6453.53;6480.38;3393250000;112000000000.0;523.619;593.187;"1981";31241.5;23213.3;7425.0;209000000000.0;53.81
234;1980;6482.66;6502.28;6447.91;6486.39;3445190000;113000000000.0;531.141;589.833;"1980";31163.2;23614.3;6971.0;210000000000.0;53.58
233;1979;6492.35;6503.6;6306.99;6332.63;4199910000;110000000000.0;663.217;596.041;"1979";32393.7;22424.6;6843.0;203000000000.0;54.12
232;1978;6337.04;6364.99;6310.14;6334.27;3781100000;110000000000.0;596.927;597.13;"1978";31676.5;23060.7;10740.0;203000000000.0;54.05
231;1977;6336.99;6349.16;6316.88;6317.61;4191240000;110000000000.0;663.422;588.889;"1977";30307.5;23621.5;9959.0;203000000000.0;53.91
230;2006;6318.14;6547.14;6311.83;6377.78;3789400000;111000000000.0;594.157;588.447;"2006";28902.6;23291.0;9159.0;206000000000.0;53.85
229;2005;6378.92;6396.86;6327.38;6388.44;4234870000;111000000000.0;662.896;597.22;"2005";27069.6;22775.2;8077.0;207000000000.0;53.46
228;2004;6387.24;6400.07;6342.37;6361.26;3658640000;110000000000.0;575.144;601.456;"2004";2476.59;23232.8;11440.0;207000000000.0;53.37
227;2003;6365.47;6388.63;6294.57;6376.13;4390020000;111000000000.0;688.509;580.012;"2003";22279.1;23816.5;8995.0;211000000000.0;52.58
226;2002;6363.62;6480.59;6363.62;6419.66;4174800000;111000000000.0;650.315;581.64;"2002";21728.4;24090.0;4815.0;213000000000.0;52.36
225;2001;6433.38;6463.55;6408.16;6461.01;4700040000;112000000000.0;727.447;586.777;"2001";21901.0;24270.4;7316.0;220000000000.0;51.07
224;2000;6468.5;6552.16;6468.31;6530.14;4941260000;113000000000.0;756.685;594.317;"2000";21052.2;25370.3;10727.0;219000000000.0;51.67
223;1999;6522.27;6536.92;6438.53;6453.72;4665260000;112000000000.0;722.879;602.784;"1999";20785.4;24654.4;11620.0;214000000000.0;52.33
222;1998;6442.6;6456.46;6373.37;6385.62;4346820000;111000000000.0;680.72;610.784;"1998";20709.8;24275.3;10458.0;212000000000.0;52.36
221;1997;6386.13;6437.28;6385.31;6409.22;3705320000;111000000000.0;578.123;614.594;"1997";20487.4;24510.6;3253.0;213000000000.0;52.15
220;1996;6413.63;6423.25;6350.17;6411.27;3939060000;111000000000.0;614.396;617.005;"1996";20426.0;24047.6;7343.0;213000000000.0;52.36
219;1995;6411.76;6434.21;6360.47;6371.27;4295770000;111000000000.0;674.241;622.024;"1995";20194.9;24056.4;7299.0;212000000000.0;52.23
218;1994;6373.19;6395.27;6342.67;6359.49;4503800000;110000000000.0;708.201;631.074;"1994";19973.5;24089.8;10132.0;210000000000.0;52.6
217;1993;6351.24;6371.55;5544.09;5738.35;7398940000;99712100000.0;1289.38;670.602;"1993";25716.1;25872.7;69299.0;188000000000.0;52.95
216;1992;5736.15;5774.82;5358.38;5648.03;7032140000;98151600000.0;1245.06;707.324;"1992";24945.1;26360.2;49913.0;187000000000.0;52.62
215;1991;5645.32;5657.02;5498.94;5575.55;5279320000;96900800000.0;946.87;728.487;"1991";23259.2;26601.0;18455.0;183000000000.0;52.95
214;1990;5578.58;5578.58;5519.56;5554.33;4303150000;96542100000.0;774.738;740.667;"1990";22300.8;26765.7;7999.0;183000000000.0;52.71
213;1989;5559.74;5653.61;5559.74;5623.54;4159680000;97753700000.0;739.691;744.49;"1989";23158.2;27075.5;9552.0;186000000000.0;52.55
212;1988;5620.78;5620.78;4842.91;4871.49;7039560000;84688500000.0;1445.05;786.897;"1988";23606.5;29916.1;74206.0;162000000000.0;52.43
211;1987;4863.93;4951.61;4272.11;4451.87;8428290000;77401000000.0;1893.2;848.386;"1987";31602.8;27129.9;117312.0;145000000000.0;53.48
210;1986;4465.54;4675.73;4343.98;4602.17;6120120000;80020200000.0;1329.83;885.169;"1986";30741.9;27204.9;44377.0;151000000000.0;53.14
209;1985;4611.57;4629.64;4365.64;4365.94;4569370000;75919400000.0;1046.59;904.354;"1985";28478.1;25651.7;28885.0;142000000000.0;53.41
208;1984;4360.7;4396.42;4195.68;4347.11;4871490000;75598800000.0;1120.63;931.629;"1984";27341.7;25992.8;36102.0;140000000000.0;53.96
207;1983;4347.69;4413.09;3795.16;3880.76;4679500000;67495600000.0;1205.82;957.494;"1983";32976.2;27457.8;51143.0;126000000000.0;53.49
206;1982;3880.78;4120.87;3585.06;4009.97;6825640000;69749300000.0;1702.17;1010.09;"1982";30214.1;27695.9;82180.0;129000000000.0;53.93
205;1981;4015.07;4107.14;3643.92;3779.13;6476900000;65739300000.0;1713.86;1059.41;"1981";33824.5;27147.1;64117.0;124000000000.0;52.98
204;1980;3765.95;3862.96;3661.01;3820.72;5998720000;66469000000.0;1570.05;1100.08;"1980";35216.6;29894.8;46273.0;125000000000.0;53.06
203;1979;3822.47;4385.9;3822.47;4257.42;7280280000;74072600000.0;1710.02;1149.43;"1979";33710.1;28086.8;65259.0;139000000000.0;53.32
202;1978;4269.0;4413.02;4145.77;4278.85;6503347767;74451000000.0;1519.88;1191.39;"1978";35638.1;28307.5;41125.0;138000000000.0;53.95
201;1977;4289.09;4322.98;3942.82;4017.27;6048016717;69904600000.0;1505.5;1237.76;"1977";34954.1;28886.8;42454.0;131000000000.0;53.55
200;2005;4024.46;4309.38;3969.71;4214.67;5375314093;73346200000.0;1275.38;1270.81;"2005";33994.9;27363.1;27504.0;136000000000.0;53.79
199;2004;4200.73;4301.52;4110.98;4139.88;5262697895;72050500000.0;1271.22;1300.66;"2004";33982.6;27718.2;24479.0;134000000000.0;53.65
198;2003;4147.32;4155.98;3840.45;3894.13;5089570994;67779100000.0;1306.99;1330.6;"2003";36040.5;26374.6;36856.0;126000000000.0;53.69
197;2002;3886.29;4075.63;3832.75;3956.89;5028069239;68878300000.0;1270.71;1329.66;"2002";34537.2;26661.6;33692.0;128000000000.0;53.9
196;2001;3958.89;3969.54;3753.99;3753.99;5302481574;65352500000.0;1412.49;1338.04;"2001";36137.2;26960.1;28430.0;121000000000.0;54.2
195;2000;3754.07;3874.97;3521.1;3521.1;5878333109;61304000000.0;1669.46;1374.16;"2000";38574.2;27804.2;58288.0;112000000000.0;54.95
194;1999;3512.59;3512.59;3280.23;3419.94;6835615448;59547600000.0;1998.75;1435.37;"1999";42244.3;28121.2;74094.0;109000000000.0;54.44
193;1998;3421.91;3506.04;3350.65;3476.11;5305024497;60531300000.0;1526.14;1474.69;"1998";38622.1;27075.9;39087.0;111000000000.0;54.71
192;1997;3473.23;3685.31;3469.09;3614.23;4947372847;62942200000.0;1368.86;1470.88;"1997";37718.0;27371.5;25081.0;115000000000.0;54.87
191;1996;3612.05;3647.33;3470.14;3502.66;5020968740;61004400000.0;1433.47;1447.89;"1996";36015.6;26835.5;22610.0;111000000000.0;55.02
190;1995;3497.55;3513.18;3392.25;3424.59;4696765188;59650200000.0;1371.48;1449.97;"1995";37476.5;28678.0;24048.0;108000000000.0;55.05
189;1994;3421.46;3534.23;3413.48;3486.95;4139364829;60741600000.0;1187.1;1457.0;"1994";36438.7;29612.9;20931.0;110000000000.0;55.02
188;1993;3487.88;3489.74;3298.13;3313.68;4343372456;57728700000.0;1310.74;1466.51;"1993";36324.9;28749.0;22249.0;105000000000.0;54.82
187;1992;3311.75;3329.56;3206.54;3242.48;4372763663;56494400000.0;1348.59;1473.64;"1992";37022.1;30482.2;28559.0;102000000000.0;55.22
186;1991;3244.0;3275.38;3191.3;3236.76;3551763561;56400700000.0;1097.32;1443.4;"1991";38940.2;33626.1;17890.0;102000000000.0;55.24
185;1990;3236.27;3305.75;3233.82;3252.84;3744248994;56685400000.0;1151.07;1415.26;"1990";40061.6;35341.3;19107.0;103000000000.0;54.95
184;1989;3253.12;3597.92;3253.12;3545.86;5409247918;61798900000.0;1525.51;1413.03;"1989";38605.2;35720.2;35728.0;114000000000.0;54.32
183;1988;3544.76;3701.35;3487.17;3696.06;5911325473;64422600000.0;1599.36;1407.5;"1988";34625.2;30741.5;29431.0;120000000000.0;53.87
182;1987;3706.82;3949.32;3687.23;3745.95;6810689119;65299100000.0;1818.15;1422.41;"1987";38428.2;25460.0;55272.0;121000000000.0;53.95
181;1986;3742.2;4191.23;3728.97;4134.44;8927129279;72078200000.0;2159.21;1455.1;"1986";36102.7;25742.2;65871.0;135000000000.0;53.48
180;1985;4133.7;4198.43;3850.95;3896.54;7206015706;67937600000.0;1849.34;1483.8;"1985";34412.3;26109.6;45527.0;128000000000.0;53.15
179;1984;3898.08;4014.18;3855.74;4014.18;5605823233;69997500000.0;1396.51;1490.06;"1984";35322.9;26801.1;19531.0;132000000000.0;53.1
178;1983;4020.99;4085.72;3976.41;3998.98;6151275490;69741200000.0;1538.21;1501.62;"1983";33838.6;26480.7;24473.0;134000000000.0;51.94
177;1982;4000.33;4271.79;4000.33;4078.6;7240968501;71137600000.0;1775.36;1526.86;"1982";31835.7;27350.6;38009.0;138000000000.0;51.42
176;1981;4081.03;4089.56;3760.02;3815.49;6158207293;66556000000.0;1614.0;1536.93;"1981";33601.5;26041.3;33727.0;129000000000.0;51.63
175;1980;3819.67;3893.36;3769.86;3857.3;5326547918;67292800000.0;1380.9;1522.5;"1980";31450.1;25747.6;19131.0;130000000000.0;51.7
174;1979;3854.69;3874.42;3645.45;3654.83;5130222366;63768800000.0;1403.68;1492.75;"1979";31861.0;25574.8;23614.0;121000000000.0;52.86
173;1978;3653.13;3956.14;3642.63;3923.92;5631554348;68471800000.0;1435.19;1488.2;"1978";31728.6;26713.1;26918.0;132000000000.0;51.75
172;1977;3932.49;3963.76;3820.41;3820.41;4991655917;66672200000.0;1306.58;1485.09;"1977";32077.9;28766.8;18707.0;129000000000.0;51.58
171;1976;3822.38;3901.91;3797.22;3865.95;4770578575;67475500000.0;1234.0;1475.11;"1976";33524.5;28767.9;17734.0;131000000000.0;51.69
170;1975;3866.84;3868.74;3725.87;3742.7;4661840806;65331500000.0;1245.58;1468.82;"1975";32045.0;29533.0;15793.0;126000000000.0;52.01
169;2017;3746.71;3850.91;3707.23;3843.52;4324200990;67098600000.0;1125.06;1465.72;"2017";33507.3;29751.7;13848.0;130000000000.0;51.64
168;2016;3849.22;3947.98;3817.41;3943.41;5244856836;68849900000.0;1330.03;1466.68;"2016";33164.6;31977.4;19438.0;135000000000.0;51.05
167;2015;3931.05;3935.69;3826.22;3836.74;4530215219;66994900000.0;1180.75;1458.29;"2015";32969.1;32361.2;10520.0;131000000000.0;51.33
166;2014;3832.04;3865.93;3783.85;3857.72;4847965467;67368300000.0;1256.69;1466.26;"2014";30590.3;3341.95;13229.0;132000000000.0;51.18
165;2013;3851.97;3904.9;3836.9;3845.19;5137609824;67157600000.0;1336.11;1475.51;"2013";28747.9;3351.08;14874.0;132000000000.0;51.03
164;2012;3836.52;4093.3;3826.51;4076.63;5597027440;71206800000.0;1372.95;1467.88;"2012";24878.8;3445.55;25180.0;138000000000.0;51.53
163;2011;4078.59;4092.61;4020.89;4025.25;5228625637;70316300000.0;1298.96;1452.86;"2011";24343.6;33339.2;11253.0;136000000000.0;51.82
162;2010;4028.47;4109.02;3996.96;4030.85;5306593305;70422700000.0;1316.49;1427.78;"2010";23457.3;33608.6;18727.0;136000000000.0;51.71
161;2009;4031.55;4068.4;4022.66;4035.3;5115905225;70508700000.0;1267.79;1383.21;"2009";22711.5;33807.0;20629.0;137000000000.0;51.44
160;2008;4034.41;4064.07;3659.17;3678.92;6874143796;64288900000.0;1868.52;1384.17;"2008";23893.1;31105.7;35020.0;123000000000.0;52.3
159;2007;3674.02;3713.88;3653.07;3687.37;5538712865;64443300000.0;1502.08;1389.45;"2007";24325.0;31348.2;13130.0;123000000000.0;52.43
158;2006;3686.97;3698.98;3653.81;3661.3;4778170883;63994100000.0;1305.05;1377.79;"2006";23384.5;31832.9;9296.0;122000000000.0;52.4
157;2005;3658.87;3674.76;3544.93;3552.95;4681302466;62106500000.0;1317.58;1354.9;"2005";23751.3;31736.4;12590.0;117000000000.0;52.98
156;2004;3557.31;3727.84;3552.29;3706.05;5651384490;64789600000.0;1524.91;1350.45;"2004";23337.6;30645.6;14836.0;124000000000.0;52.27
155;2003;3704.22;3720.15;3619.95;3630.68;5537192302;63477800000.0;1525.11;1357.66;"2003";22801.7;30937.5;13323.0;121000000000.0;52.55
154;2002;3631.51;3685.78;3624.67;3655.01;5394457145;63909300000.0;1475.91;1361.27;"2002";21717.3;31509.1;13227.0;122000000000.0;52.33
153;2001;3651.87;3680.14;3621.96;3678.56;5464420383;64327000000.0;1485.48;1363.78;"2001";21887.6;31262.6;10870.0;123000000000.0;52.32
152;2000;3677.99;3682.52;3637.08;3657.84;5002961727;63971000000.0;1367.74;1366.84;"2000";22288.9;31569.7;5656.0;122000000000.0;52.56
151;1999;3652.38;3758.53;3652.38;3728.57;5955691380;65214100000.0;1597.31;1385.01;"1999";22568.1;31381.4;13391.0;124000000000.0;52.46
150;1998;3725.45;3743.39;3583.02;3601.01;5582489560;62990100000.0;1550.26;1400.24;"1998";22873.5;32204.1;20627.0;120000000000.0;52.47
149;1997;3600.37;3608.84;3558.54;3576.03;5004347059;62559900000.0;1399.41;1413.96;"1997";23187.5;30299.1;10814.0;119000000000.0;52.4
148;1996;3575.08;3620.75;3539.72;3604.58;5313623556;63065100000.0;1474.13;1421.16;"1996";22355.8;29567.6;18048.0;121000000000.0;52.3
147;1995;3605.56;3623.07;3565.31;3585.12;5433755649;62731400000.0;1515.64;1437.91;"1995";22595.1;28957.2;15136.0;120000000000.0;52.34
146;1994;3584.5;3616.09;3569.09;3600.87;5262869046;63014100000.0;1461.55;1448.15;"1994";53824.8;2888.44;7868.0;120000000000.0;52.4
145;1993;3607.39;3612.93;3575.6;3599.77;5265847539;63001000000.0;1462.83;1454.49;"1993";23999.5;29059.5;7378.0;120000000000.0;52.46
144;1992;3599.72;3654.93;3593.35;3602.46;5098183235;63054900000.0;1415.19;1456.6;"1992";25694.6;28801.5;13006.0;120000000000.0;52.5
143;1991;3604.69;3612.67;3567.25;3583.97;5570752966;62737300000.0;1554.35;1469.37;"1991";23865.3;28601.6;11449.0;119000000000.0;52.84
142;1990;3584.28;3586.75;3439.23;3470.45;6908930483;60756600000.0;1990.79;1503.08;"1990";25934.7;29320.0;17024.0;114000000000.0;53.49
141;1989;3468.87;3476.07;3400.82;3448.12;5897159493;60371900000.0;1710.25;1525.2;"1989";25586.6;29861.6;10466.0;113000000000.0;53.41
140;1988;3443.9;3495.17;3429.39;3486.18;5955112627;61044300000.0;1708.21;1517.19;"1988";27216.0;31107.0;12580.0;116000000000.0;52.59
139;1987;3485.41;3504.8;3447.92;3457.79;5831198271;60553900000.0;1686.39;1526.41;"1987";26984.4;31172.1;8572.0;114000000000.0;53.33
138;2016;3460.55;3501.95;3431.59;3487.95;5422926707;61088700000.0;1554.76;1538.89;"2016";26275.7;32079.5;10041.0;114000000000.0;53.38
137;2015;3484.63;3523.29;3467.57;3521.06;5071623601;61675100000.0;1440.37;1545.03;"2015";24239.5;31811.1;10890.0;116000000000.0;53.23
136;2014;3516.14;3521.39;3447.92;3464.01;5043937584;60681800000.0;1456.1;1541.59;"2014";25189.2;31551.6;7875.0;114000000000.0;53.41
135;2013;3467.21;3476.22;3442.59;3459.15;5332718886;60603100000.0;1541.63;1542.42;"2013";24324.7;31093.0;5213.0;114000000000.0;53.33
134;2012;3454.95;3478.15;3451.94;3466.36;5227549545;60735600000.0;1508.08;1544.02;"2012";23895.4;31091.8;4590.0;114000000000.0;53.45
133;2011;3469.09;3469.09;3398.57;3413.77;5482196038;59821200000.0;1605.91;1550.05;"2011";25030.9;31460.9;13172.0;112000000000.0;53.58
132;2010;3414.93;3427.95;3394.22;3399.47;5004962683;59578100000.0;1472.28;1555.27;"2010";25697.6;31463.3;4815.0;111000000000.0;53.46
131;2009;3401.38;3695.61;3391.02;3666.78;7735623101;64270300000.0;2109.65;1580.89;"2009";25029.1;31841.1;31163.0;121000000000.0;52.93
130;2008;3671.59;3679.94;3646.56;3671.2;6158833645;64354700000.0;1677.61;1587.26;"2008";24049.0;31057.8;6563.0;122000000000.0;52.86
129;2007;3673.2;3695.04;3640.98;3690.19;6282256903;64694000000.0;1702.42;1602.41;"2007";24203.7;31839.8;10041.0;123000000000.0;52.58
128;2006;3695.61;3695.61;3642.29;3648.43;6277056434;63968400000.0;1720.48;1614.72;"2006";24977.4;32642.5;7797.0;121000000000.0;52.87
127;2005;3642.75;3668.59;3618.56;3653.53;6480384532;64063800000.0;1773.73;1627.63;"2005";25512.6;33527.6;11337.0;122000000000.0;52.65
126;2004;3653.6;3669.75;3617.25;3632.07;6438903823;63694400000.0;1772.79;1643.19;"2004";22689.5;33150.4;11761.0;121000000000.0;52.66
125;2003;3631.17;3646.26;3607.7;3616.88;6271044418;63434500000.0;1733.83;1656.74;"2003";21952.6;33728.4;7533.0;120000000000.0;52.84
124;2002;3617.37;3647.8;3608.21;3620.81;6091952231;63509100000.0;1682.48;1670.11;"2002";22414.7;34268.6;7807.0;121000000000.0;52.69
123;2001;3615.27;3652.84;3615.27;3629.79;5934744052;63673400000.0;1635.01;1674.14;"2001";23818.7;35821.6;7516.0;121000000000.0;52.64
122;2000;3633.36;3680.54;3619.18;3673.84;7039512503;64453400000.0;1916.12;1670.4;"2000";25215.9;35884.2;14076.0;123000000000.0;52.21
121;1999;3671.37;3936.67;3669.98;3915.71;9908216640;68704400000.0;2530.38;1711.41;"1999";21290.4;31289.4;37616.0;132000000000.0;51.95
120;1998;3911.66;4010.88;3908.15;3947.09;9933626655;69262700000.0;2516.7;1751.84;"1998";18932.2;26268.7;24303.0;133000000000.0;51.95
119;1997;3946.68;4000.49;3926.25;3999.82;8693373948;70194300000.0;2173.44;1776.19;"1997";20937.3;26835.4;15257.0;136000000000.0;51.53
118;1996;4000.26;4010.01;3940.11;3954.12;7775128102;69398300000.0;1966.34;1796.77;"1996";19936.0;25419.0;15483.0;134000000000.0;51.97
117;1995;3952.41;4006.54;3950.82;4005.53;7826525254;70308600000.0;1953.93;1822.44;"1995";19641.4;24915.8;14206.0;136000000000.0;51.87
116;1994;3998.92;4166.29;3968.73;4142.53;8922258316;72720900000.0;2153.82;1857.33;"1994";18586.8;26684.9;21531.0;141000000000.0;51.57
115;1993;4145.46;4210.64;3793.71;3810.43;10794227451;66897500000.0;2832.81;1921.89;"1993";17330.4;26433.5;36095.0;128000000000.0;52.41
114;1992;3807.0;3913.71;3807.0;3882.7;9318796067;68173200000.0;2400.08;1966.49;"1992";18214.9;26053.7;10406.0;131000000000.0;51.87
113;1991;3878.7;3891.58;3837.99;3854.36;7931218996;67683300000.0;2057.73;1989.08;"1991";18164.5;25739.1;5113.0;130000000000.0;51.94
112;1990;3857.48;3888.8;3787.06;3851.05;8301309684;67631900000.0;2155.6;2023.25;"1990";19470.4;25331.3;12033.0;130000000000.0;52.16
111;1989;3848.26;3906.06;3845.82;3854.79;8399767798;67704800000.0;2179.05;2026.72;"1989";18102.7;24277.4;12097.0;130000000000.0;52.07
110;2015;3853.76;3907.8;3851.69;3859.58;7661247975;67797000000.0;1985.0;2042.09;"2015";18121.8;24177.2;4758.0;131000000000.0;51.92
109;2014;3855.32;3874.61;3832.13;3864.42;7578786076;67888300000.0;1961.17;2055.02;"2014";17760.7;24242.0;5115.0;130000000000.0;52.06
108;2013;3862.27;3875.48;3836.91;3847.18;7253558152;67592400000.0;1885.42;2063.27;"2013";17667.8;24195.5;2878.0;130000000000.0;52.14
107;2012;3845.09;3867.38;3733.75;3761.56;9029175788;66094600000.0;2400.38;2094.6;"2012";17729.8;23859.6;10185.0;126000000000.0;52.37
106;2011;3759.83;3903.92;3745.18;3896.38;10174126415;68470700000.0;2611.17;2136.52;"2011";17406.6;23873.2;10797.0;133000000000.0;51.66
105;2010;3897.08;3919.51;3871.46;3903.94;9175291529;68609900000.0;2350.26;2167.34;"2010";18064.9;23725.9;6591.0;133000000000.0;51.58
104;2009;3903.38;3939.37;3894.11;3911.48;9584165519;68749400000.0;2450.27;2205.73;"2009";19292.9;23813.8;7640.0;133000000000.0;51.54
103;2008;3913.23;3950.43;3875.23;3901.13;10638638944;68574600000.0;2727.07;2260.34;"2008";20295.8;23770.4;9360.0;132000000000.0;51.82
102;2007;3894.55;3987.24;3892.39;3963.31;10796103518;69674500000.0;2724.01;2300.73;"2007";20459.0;23082.3;7382.0;135000000000.0;51.59
101;2006;3966.17;3966.17;3924.38;3951.6;9713267607;69475300000.0;2458.06;2297.11;"2006";20676.9;23097.3;4674.0;135000000000.0;51.54
100;2005;3953.74;3966.38;3889.24;3905.23;10125901903;68666900000.0;2592.91;2300.93;"2005";20809.7;22400.0;6610.0;133000000000.0;51.7
99;2004;3903.76;3926.89;3863.56;3909.16;9809887079;68743000000.0;2509.46;2317.73;"2004";21126.4;22014.9;7626.0;134000000000.0;51.26
98;2003;3913.05;3926.6;3891.9;3906.72;9469184841;68706700000.0;2423.82;2340.6;"2003";21277.6;22024.2;5531.0;134000000000.0;51.18
97;2002;3905.58;3946.5;3901.3;3924.37;10480789570;69024700000.0;2670.69;2376.44;"2002";20694.9;21996.9;8303.0;135000000000.0;51.05
96;2001;3926.66;3968.54;3914.02;3960.91;9394210605;69675000000.0;2371.73;2387.33;"2001";22107.5;22549.0;6738.0;137000000000.0;50.7
95;2000;3963.9;4077.04;3961.66;4048.73;9856166973;71228000000.0;2434.38;2367.41;"2000";21984.3;22362.7;13945.0;141000000000.0;50.6
94;1999;4047.72;4054.12;4006.41;4025.23;8221625400;70821900000.0;2042.52;2349.54;"1999";22153.5;22420.6;3393.0;140000000000.0;50.74
93;1998;4029.97;4071.56;4009.12;4032.51;9646954186;70958200000.0;2392.3;2366.26;"1998";22433.9;22778.8;3680.0;140000000000.0;50.78
92;1997;4032.69;4082.22;4023.81;4071.19;9344919956;71647700000.0;2295.38;2373.25;"1997";23297.2;23944.1;5549.0;141000000000.0;50.81
91;1996;4070.79;4089.46;4031.11;4087.48;10175916388;71942400000.0;2489.53;2388.78;"1996";21544.9;23983.9;7817.0;142000000000.0;50.78
90;1995;4083.95;4097.36;4005.15;4029.33;10831212662;70926200000.0;2688.09;2423.93;"1995";20708.5;24933.3;11825.0;139000000000.0;50.96
89;1994;4028.51;4053.91;4021.54;4023.97;9252935969;70840000000.0;2299.45;2440.85;"1994";20370.5;24938.1;4836.0;140000000000.0;50.73
88;1993;4022.71;4049.88;4015.96;4035.83;9578850549;71056000000.0;2373.45;2465.25;"1993";20378.6;24171.9;4368.0;141000000000.0;50.47
87;1992;4035.16;4040.7;4006.19;4022.17;9144851065;70823000000.0;2273.61;2458.91;"1992";20401.1;23979.6;3364.0;140000000000.0;50.53
86;1991;4024.11;4038.84;3934.03;3963.07;10359818883;69789900000.0;2614.09;2459.05;"1991";20317.3;23606.9;6706.0;138000000000.0;50.58
85;1990;3969.23;3985.08;3944.75;3985.08;10707678815;70184100000.0;2686.94;2475.89;"1990";20012.4;23590.7;5092.0;139000000000.0;50.66
84;1989;3984.24;4087.07;3977.81;4087.07;10897131934;71987800000.0;2666.25;2486.69;"1989";19069.6;23979.2;7934.0;143000000000.0;50.18
83;1988;4087.58;4094.9;4040.27;4069.11;9353915899;71679000000.0;2298.76;2465.27;"1988";18059.7;23613.5;6215.0;143000000000.0;50.24
82;1987;4068.3;4113.5;4034.1;4098.37;10918665557;72202100000.0;2664.15;2462.28;"1987";18824.4;24004.4;8647.0;144000000000.0;50.19
81;1986;4092.14;4296.81;4053.91;4106.66;9732688060;72355200000.0;2369.98;2457.88;"1986";19144.8;23503.4;6635.0;144000000000.0;50.23
80;1985;4105.46;4113.02;4094.1;4105.4;9045122443;72339400000.0;2203.23;2438.39;"1985";19810.8;23539.4;2272.0;144000000000.0;50.09
79;2014;4105.36;4164.95;4096.9;4158.18;10157794171;73269400000.0;2442.85;2435.06;"2014";20551.0;23666.1;7006.0;146000000000.0;50.07
78;2013;4156.92;4905.95;4155.32;4879.88;21315047816;85986000000.0;4367.95;2532.27;"2013";19486.7;26486.2;51148.0;170000000000.0;50.7
77;2012;4879.96;5307.0;4876.62;4973.02;22899891582;87655300000.0;4604.83;2628.97;"2012";20963.3;26756.4;44292.0;172000000000.0;50.94
76;2011;4971.31;5063.16;4836.79;4922.8;18251810240;86778700000.0;3707.61;2695.77;"2011";20801.4;25481.7;15416.0;170000000000.0;51.0
75;2010;4922.81;5053.51;4919.49;5036.68;16837325387;88796100000.0;3342.94;2741.19;"2010";21084.1;25621.8;11363.0;177000000000.0;50.3
74;2009;5036.79;5205.82;4992.22;5059.82;16929795194;89212700000.0;3345.93;2806.36;"2009";2190.26;24417.4;14204.0;177000000000.0;50.47
73;2008;5062.79;5235.19;5050.41;5198.9;16655416140;91674200000.0;3203.64;2846.93;"2008";21148.3;23801.4;9952.0;182000000000.0;50.45
72;2007;5199.84;5318.84;5148.21;5289.77;17154113634;93286400000.0;3242.88;2894.31;"2007";17039.8;26227.3;17817.0;183000000000.0;50.92
71;2006;5289.92;5289.92;5167.42;5204.96;14722104361;91799300000.0;2828.48;2911.25;"2006";18462.2;26060.0;11902.0;180000000000.0;51.09
70;2005;5204.11;5421.65;5193.38;5324.55;15504590933;93918400000.0;2911.91;2922.45;"2005";18478.5;26222.9;15781.0;183000000000.0;51.28
69;2004;5325.08;5354.23;5017.3;5064.49;16555616019;89341200000.0;3268.96;2970.92;"2004";1848.76;24894.6;19430.0;172000000000.0;51.93
68;2003;5061.2;5103.27;4955.85;5089.54;13675206312;89792600000.0;2686.92;2986.59;"2003";18495.9;24842.9;9221.0;173000000000.0;51.97
67;2002;5088.85;5127.12;5061.59;5096.59;10823289598;89925600000.0;2123.63;2979.1;"2002";18683.6;23586.9;5209.0;173000000000.0;52.02
66;2001;5095.76;5184.02;5053.57;5167.72;10391952498;91188600000.0;2010.94;2948.94;"2001";18637.9;24130.3;4146.0;176000000000.0;51.82
65;2000;5167.32;5196.61;5024.07;5067.11;12290155061;89422200000.0;2425.48;2935.86;"2000";18850.9;24412.8;9523.0;172000000000.0;51.98
64;1999;5066.58;5238.95;5055.19;5235.56;11618660197;92404600000.0;2219.18;2913.51;"1999";18772.5;24167.0;8377.0;177000000000.0;52.14
63;1998;5236.14;5274.28;5219.21;5251.94;12438480677;92702600000.0;2368.36;2916.99;"1998";19141.2;24200.8;9284.0;178000000000.0;52.17
62;1997;5251.48;5319.99;5250.51;5298.39;13256489918;93532400000.0;2501.98;2908.88;"1997";21821.6;25817.1;9040.0;180000000000.0;51.85
61;1996;5298.15;5336.68;5233.34;5303.81;13780238655;93638300000.0;2598.18;2920.29;"1996";23226.8;25250.7;6307.0;181000000000.0;51.87
60;1995;5304.16;5358.49;5295.88;5337.89;13169647522;94248700000.0;2467.2;2933.49;"1995";22226.1;24227.5;6482.0;181000000000.0;52.12
59;1994;5335.88;5359.93;5257.34;5314.53;13731844223;93847100000.0;2583.83;2940.54;"1994";22502.1;23975.4;6154.0;178000000000.0;52.69
58;1993;5312.49;5422.69;5280.28;5399.37;14601631648;95354200000.0;2704.32;2857.36;"1993";23138.5;23941.4;11952.0;181000000000.0;52.82
57;1992;5399.37;5633.8;5389.41;5572.36;15867308108;98417400000.0;2847.5;2769.49;"1992";25969.9;24208.9;18769.0;183000000000.0;53.86
56;1991;5571.51;5642.04;5418.26;5464.87;17048033399;96530000000.0;3119.57;2740.09;"1991";25806.3;22025.7;16534.0;177000000000.0;54.44
55;1990;5466.52;5542.24;5181.34;5210.52;15330283408;92046500000.0;2942.18;2720.05;"1990";28198.0;19975.3;21494.0;169000000000.0;54.56
54;1989;5210.3;5383.63;5177.37;5279.35;16812108040;93272300000.0;3184.5;2711.98;"1989";30333.0;18316.5;21535.0;171000000000.0;54.55
53;1988;5279.47;5310.75;5233.64;5268.29;13111274675;93086200000.0;2488.72;2676.24;"1988";30056.5;18239.6;4567.0;171000000000.0;54.35
52;1987;5271.75;5326.23;5255.68;5285.14;12819992056;93391200000.0;2425.67;2635.38;"1987";30236.9;18313.5;7768.0;171000000000.0;54.59
51;1986;5284.86;5311.27;5216.49;5247.35;13735490672;92737500000.0;2617.61;2624.83;"1986";29708.4;17772.4;7812.0;169000000000.0;55.02
50;1985;5247.73;5363.26;5224.19;5350.73;13878964574;94573800000.0;2593.84;2608.93;"1985";30270.6;18066.3;7443.0;175000000000.0;54.06
49;2013;5350.91;5418.0;5347.65;5402.7;13679528236;95501100000.0;2531.98;2572.08;"2013";30619.0;18012.1;5537.0;176000000000.0;54.38
48;2012;5402.42;5522.26;5394.22;5505.28;14644460907;97330100000.0;2660.08;2570.74;"2012";31189.6;18608.4;11076.0;178000000000.0;54.69
47;2011;5505.55;5865.88;5490.2;5768.29;18720780006;102000000000.0;3245.46;2626.83;"2011";29954.2;18031.8;19480.0;185000000000.0;55.05
46;2010;5769.2;5886.89;5645.47;5831.17;17567780766;103000000000.0;3012.74;2676.92;"2010";30547.9;18424.1;9437.0;185000000000.0;55.81
45;2009;5831.07;5833.86;5708.04;5795.71;14808830723;102000000000.0;2555.14;2683.4;"2009";30837.4;18626.7;5816.0;184000000000.0;55.84
44;2008;5791.69;5802.96;5653.69;5746.81;15737171804;102000000000.0;2738.42;2709.36;"2008";31871.8;18418.7;6477.0;184000000000.0;55.36
43;2007;5745.6;5988.18;5741.4;5829.5;18026409033;103000000000.0;3092.27;2745.56;"2007";32045.3;18334.1;11990.0;184000000000.0;56.01
42;2006;5849.48;5989.98;5794.72;5982.46;15320605300;106000000000.0;2560.92;2748.51;"2006";32446.0;18306.7;8222.0;187000000000.0;56.59
41;2005;5982.32;6183.04;5982.32;6174.53;16784645411;109000000000.0;2718.37;2754.52;"2005";32385.4;19128.0;9682.0;189000000000.0;57.88
40;2004;6175.82;6434.62;6161.52;6378.85;19419875368;113000000000.0;3044.42;2783.38;"2004";30142.9;18008.5;14493.0;194000000000.0;58.21
39;2003;6379.67;7333.0;6375.7;7204.77;28867562329;127000000000.0;4006.73;2854.52;"2003";26631.5;22629.3;37945.0;217000000000.0;58.67
38;2002;7203.51;7503.87;6815.77;6972.37;27773333680;123000000000.0;3983.34;2918.47;"2002";25682.9;22249.5;31959.0;210000000000.0;58.85
37;2001;6971.18;8047.41;6898.28;7814.92;28677672181;138000000000.0;3669.61;2959.58;"2001";25684.7;26226.9;36467.0;229000000000.0;60.38
36;2000;7807.88;8268.71;7696.39;7994.42;32031452227;142000000000.0;4006.73;3003.94;"2000";27134.4;24789.3;29341.0;241000000000.0;58.79
35;1999;7989.37;8216.42;7899.11;8205.17;28344112920;145000000000.0;3454.42;3029.55;"1999";16929.6;24800.5;26273.5;256000000000.0;56.82
34;1998;8194.5;8320.82;7729.61;7884.91;33167197581;140000000000.0;4206.41;3080.64;"1998";16361.2;22837.9;29340.9;248552000000.0;56.17
33;1997;7886.93;7929.15;7038.12;7343.9;30066644905;130000000000.0;4094.1;3160.91;"1997";16405.6;22256.7;14690.4;231900000000.0;56.07
32;1996;7341.66;7447.27;7251.5;7271.21;21354286562;129000000000.0;2936.83;3186.47;"1996";17601.3;24068.5;16667.6;228738000000.0;56.29
31;1995;7267.96;8261.94;7267.96;8197.69;25902422040;145000000000.0;3159.72;3213.58;"1995";18124.1;25224.0;19029.9;255301000000.0;56.87
30;1994;8196.92;8200.97;7678.78;7978.31;23843404340;141000000000.0;2988.53;3233.31;"1994";18605.7;25134.6;12323.1;247965000000.0;56.99
29;1993;7977.97;8062.17;7843.34;7963.33;25127245056;141000000000.0;3155.37;3264.48;"1993";18767.9;24692.4;7452.31;249855000000.0;56.46
28;1992;7956.29;7997.61;7615.99;7680.07;24719473175;136000000000.0;3218.65;3292.41;"1992";18729.5;23484.3;12506.1;239969000000.0;56.7
27;1991;7677.27;7943.79;7533.2;7881.85;24457107820;140000000000.0;3102.97;3285.28;"1991";17672.4;22731.1;9298.7;245042000000.0;56.99
26;1990;7881.7;8140.72;7824.45;7987.37;25919126991;142000000000.0;3245.01;3296.9;"1990";19043.8;22920.5;10491.2;249167000000.0;56.8
25;1989;7991.89;8117.93;7965.98;8052.54;22256813107;143000000000.0;2763.95;3307.34;"1989";19221.1;23248.1;4059.29;251183000000.0;56.81
24;1988;8055.21;8687.52;7924.67;8673.22;26677970091;154000000000.0;3075.9;3324.21;"1988";19725.4;25010.6;25765.9;267851000000.0;57.39
23;1987;8674.07;8907.17;8668.7;8805.78;27949839564;156000000000.0;3174.03;3328.3;"1987";20319.5;24977.7;13493.7;275026000000.0;56.76
22;1986;8802.76;8807.02;8634.72;8719.96;24226919267;155000000000.0;2778.33;3339.17;"1986";19957.6;23513.4;13122.0;274146000000.0;56.39
21;1985;8718.59;8755.85;8482.73;8659.49;23473479966;154000000000.0;2710.72;3338.79;"1985";20058.6;22945.8;7998.56;274381000000.0;55.96
20;1984;8661.76;9008.31;8221.27;8319.47;29246528551;148000000000.0;3515.43;3362.34;"1984";20472.0;23375.2;21533.2;262440000000.0;56.21
19;1983;8320.29;8586.66;8172.55;8574.5;25365190957;152000000000.0;2958.21;3309.91;"1983";20714.2;23887.6;9279.24;272679000000.0;55.77
18;2012;8573.84;8625.6;8481.58;8564.02;22488303544;152000000000.0;2625.91;3242.04;"2012";20608.8;24108.5;4315.97;270924000000.0;56.06
17;2011;8565.47;8809.3;8561.24;8742.96;20266216022;155000000000.0;2318.0;3174.46;"2011";20839.5;24539.0;8497.24;276825000000.0;56.02
16;2010;8741.75;8743.5;8204.19;8208.99;22004511436;146000000000.0;2680.54;3108.15;"2010";22545.6;20787.8;28184.6;260464000000.0;55.91
15;2009;8210.99;8210.99;7564.49;7707.77;24609731549;137000000000.0;3192.85;3095.07;"2009";19112.5;19185.3;19188.5;245870000000.0;55.62
14;2008;7704.34;7901.85;7668.67;7824.23;21760923463;139000000000.0;2781.22;3023.81;"2008";18138.4;19209.1;8478.66;249941000000.0;55.54
13;2007;7819.63;7937.34;7571.47;7822.02;19474611077;139000000000.0;2489.72;2943.59;"2007";17644.6;19009.7;9765.68;251344000000.0;55.22
12;2006;7826.9;8126.15;7788.37;8043.95;19141423231;143000000000.0;2379.6;2915.73;"2006";18233.4;20647.8;11294.3;257660000000.0;55.4
11;2005;8036.77;8076.89;7837.61;7954.13;16522722810;141000000000.0;2077.25;2861.61;"2005";18419.7;20221.1;3911.16;254212000000.0;55.53
10;2004;7949.67;7975.97;7583.22;7688.08;16610726547;136000000000.0;2160.58;2820.21;"2004";18379.4;19842.7;8129.12;244569000000.0;55.8
9;2003;7692.28;8031.91;7586.73;8000.33;18689275117;142000000000.0;2336.06;2779.25;"2003";18080.5;19723.0;8070.29;255806000000.0;55.52
8;2002;8004.24;8026.39;7772.8;7927.71;17107279932;141000000000.0;2157.91;2726.21;"2002";18356.0;19767.5;8152.64;254110000000.0;55.39
7;2001;7925.43;8196.65;7862.36;8145.86;19034432883;145000000000.0;2336.7;2687.9;"2001";19368.9;20598.0;7767.79;262028000000.0;55.2
6;2000;8145.55;8311.57;8087.06;8230.92;18669407147;146000000000.0;2268.2;2639.06;"2000";20813.9;21596.1;10146.4;263380000000.0;55.49
5;1999;8230.9;8710.64;8183.39;8693.83;19831162906;154000000000.0;2281.06;2614.91;"1999";22996.7;21887.4;12764.3;272930000000.0;56.57
4;1998;8689.75;8859.13;8618.4;8838.38;18371033226;157000000000.0;2078.55;2565.04;"1998";24819.1;23958.0;14823.0;277222000000.0;56.63
3;1997;8841.44;9335.87;8814.56;8994.49;23348550311;160000000000.0;2595.87;2536.14;"1997";24611.6;23543.9;15553.7;281221000000.0;56.81
2;1996;8988.92;9416.41;8988.92;9320.35;15562951919;166000000000.0;1669.78;2480.71;"1996";24857.8;23151.4;14652.4;289750000000.0;57.14
1;1995;9335.47;9348.37;9004.9;9081.76;15848210536;161000000000.0;1745.06;2432.43;"1995";25013.6;23448.0;9002.76;282025000000.0;57.21
